title,isbn,pageCount,publishedDate/$date,status
Unlocking Android,1933988673,416,2009-04-01T00:00:00.000-0700,PUBLISH
"Android in Action, Second Edition",1935182722,592,2011-01-14T00:00:00.000-0800,PUBLISH
Specification by Example,1617290084,0,2011-06-03T00:00:00.000-0700,PUBLISH
Flex 3 in Action,1933988746,576,2009-02-02T00:00:00.000-0800,PUBLISH
Flex 4 in Action,1935182420,600,2010-11-15T00:00:00.000-0800,PUBLISH
Collective Intelligence in Action,1933988312,425,2008-10-01T00:00:00.000-0700,PUBLISH
Zend Framework in Action,1933988320,432,2008-12-01T00:00:00.000-0800,PUBLISH
Flex on Java,1933988797,265,2010-10-15T00:00:00.000-0700,PUBLISH
Griffon in Action,1935182234,375,2012-06-04T00:00:00.000-0700,PUBLISH
OSGi in Depth,193518217X,325,2011-12-12T00:00:00.000-0800,PUBLISH
Flexible Rails,1933988509,592,2008-01-01T00:00:00.000-0800,PUBLISH
Hello! Flex 4,1933988762,258,2009-11-01T00:00:00.000-0700,PUBLISH
Coffeehouse,1884777384,316,1997-07-01T00:00:00.000-0700,PUBLISH
Team Foundation Server 2008 in Action,1933988592,344,2008-12-01T00:00:00.000-0800,PUBLISH
Brownfield Application Development in .NET,1933988711,550,2010-04-16T00:00:00.000-0700,PUBLISH
MongoDB in Action,1935182870,0,2011-12-12T00:00:00.000-0800,PUBLISH
Distributed Application Development with PowerBuilder 6.0,1884777686,504,1998-06-01T00:00:00.000-0700,PUBLISH
Jaguar Development with PowerBuilder 7,1884777864,550,1999-08-01T00:00:00.000-0700,PUBLISH
Taming Jaguar,1884777686,362,2000-07-01T00:00:00.000-0700,PUBLISH
3D User Interfaces with Java 3D,1884777902,520,2000-08-01T00:00:00.000-0700,PUBLISH
Hibernate in Action,193239415X,400,2004-08-01T00:00:00.000-0700,PUBLISH
Hibernate in Action (Chinese Edition),,400,1999-06-01T00:00:00.000-0700,PUBLISH
Java Persistence with Hibernate,1932394885,880,2006-11-01T00:00:00.000-0800,PUBLISH
JSTL in Action,1930110529,480,2002-07-01T00:00:00.000-0700,PUBLISH
iBATIS in Action,1932394826,384,2007-01-01T00:00:00.000-0800,PUBLISH
Designing Hard Software,133046192,350,1997-02-01T00:00:00.000-0800,PUBLISH
Hibernate Search in Action,1933988649,488,2008-12-21T00:00:00.000-0800,PUBLISH
jQuery in Action,1933988355,376,2008-01-01T00:00:00.000-0800,PUBLISH
"jQuery in Action, Second Edition",1935182323,488,2010-06-01T00:00:00.000-0700,PUBLISH
Building Secure and Reliable Network Applications,1884777295,591,1996-01-01T00:00:00.000-0800,PUBLISH
Ruby for Rails,1932394699,532,2006-05-01T00:00:00.000-0700,PUBLISH
The Well-Grounded Rubyist,1933988657,520,2009-04-01T00:00:00.000-0700,PUBLISH
Website Owner's Manual,1933988452,296,2009-10-01T00:00:00.000-0700,PUBLISH
ASP.NET 4.0 in Practice,1935182463,504,2011-05-15T00:00:00.000-0700,PUBLISH
Hello! Python,1935182080,350,2012-02-13T00:00:00.000-0800,PUBLISH
PFC Programmer's Reference Manual,1884777554,368,1998-06-01T00:00:00.000-0700,PUBLISH
Graphics File Formats,133034054,484,1995-06-01T00:00:00.000-0700,PUBLISH
Visual Object Oriented Programming,131723979,280,1995-02-01T00:00:00.000-0800,PUBLISH
iOS in Practice,1617291269,325,2013-11-01T00:00:00.000-0700,PUBLISH
iPhone in Action,193398886X,472,2008-12-01T00:00:00.000-0800,PUBLISH
Silverlight 2 in Action,1933988428,400,2008-10-31T00:00:00.000-0700,PUBLISH
"The Quick Python Book, Second Edition",193518220X,360,2010-01-01T00:00:00.000-0800,PUBLISH
Internet and Intranet Applications with PowerBuilder 6,1884777600,390,2000-12-01T00:00:00.000-0800,PUBLISH
Practical Methods for Your Year 2000 Problem,188477752X,236,1998-01-01T00:00:00.000-0800,PUBLISH
Mobile Agents,1884777368,320,1997-03-01T00:00:00.000-0800,PUBLISH
Spring Dynamic Modules in Action,1935182307,450,2010-09-04T00:00:00.000-0700,PUBLISH
SQL Server 2008 Administration in Action,193398872X,468,2009-08-01T00:00:00.000-0700,PUBLISH
Android in Practice,1935182927,500,2011-09-30T00:00:00.000-0700,PUBLISH
Object Oriented Perl,1884777791,512,1999-08-01T00:00:00.000-0700,PUBLISH
GWT in Practice,1933988290,376,2008-04-01T00:00:00.000-0700,PUBLISH
Ajax in Action,1932394613,680,2005-10-01T00:00:00.000-0700,PUBLISH
Ajax in Practice,1932394990,536,2007-06-01T00:00:00.000-0700,PUBLISH
Prototype and Scriptaculous in Action,1933988037,544,2007-04-01T00:00:00.000-0700,PUBLISH
POJOs in Action,1932394583,592,2006-01-01T00:00:00.000-0800,PUBLISH
Data Munging with Perl,1930110006,304,2001-01-01T00:00:00.000-0800,PUBLISH
Hello! HTML5 & CSS3,1935182897,325,2012-10-17T00:00:00.000-0700,PUBLISH
Seam in Action,1933988401,624,2008-08-01T00:00:00.000-0700,PUBLISH
Wicket in Action,1932394982,392,2008-08-01T00:00:00.000-0700,PUBLISH
Open Source SOA,1933988541,448,2009-05-01T00:00:00.000-0700,PUBLISH
Struts 2 in Action,193398807X,432,2008-05-01T00:00:00.000-0700,PUBLISH
Essential Guide to Peoplesoft Development and Customization,1884777929,1101,2000-08-01T00:00:00.000-0700,PUBLISH
.NET Multithreading,1930110545,360,2002-11-01T00:00:00.000-0800,PUBLISH
SCWCD Exam Study Kit Second Edition,1932394389,560,2005-05-01T00:00:00.000-0700,PUBLISH
Spring Roo in Action,193518296X,500,2012-04-13T00:00:00.000-0700,PUBLISH
SOA Governance in Action,1617290270,0,2012-07-27T00:00:00.000-0700,PUBLISH
RSS and Atom in Action,1932394494,400,2006-03-01T00:00:00.000-0800,PUBLISH
"LDAP Programming, Management and Integration",1930110405,352,2002-11-01T00:00:00.000-0800,PUBLISH
Mule in Action,1933988967,432,2009-07-01T00:00:00.000-0700,PUBLISH
Java Foundation Classes,1884777678,1088,2001-10-01T00:00:00.000-0700,PUBLISH
Managing Components with Modeler,1932394524k-e,0,2005-03-01T00:00:00.000-0800,PUBLISH
Command-line Processing with CLI,1932394524l-e,0,2005-03-01T00:00:00.000-0800,PUBLISH
Understanding and Using Chain,1932394524m-e,0,2005-03-01T00:00:00.000-0800,PUBLISH
Working with the Logging and Discovery Components,1932394524n-e,0,2005-03-01T00:00:00.000-0800,PUBLISH
Uploading files with FileUpload,1932394524b-e,0,2005-03-01T00:00:00.000-0800,PUBLISH
Handling Protocols with the Net Component,1932394524c-e,0,2005-03-01T00:00:00.000-0800,PUBLISH
XML Parsing with Digester,1932394524d-e,0,2005-03-01T00:00:00.000-0800,PUBLISH
JXPath and Betwixt: Working with XML,1932394524e-e,0,2005-03-01T00:00:00.000-0800,PUBLISH
Validating Data with Validator,1932394524f-e,0,2005-03-01T00:00:00.000-0800,PUBLISH
Enhancing Java Core Libraries with Collections,1932394524g-e,0,2005-03-01T00:00:00.000-0800,PUBLISH
Enhancing Java Core Libraries with BeanUtils and Lang,1932394524h-e,0,2005-03-01T00:00:00.000-0800,PUBLISH
Pool and DBCP: Creating and Using Object Pools,1932394524i-e,0,2005-03-01T00:00:00.000-0800,PUBLISH
Python and Tkinter Programming,1884777813,688,2000-01-01T00:00:00.000-0800,PUBLISH
Microsoft.NET for Programmers,1930110197,386,2002-12-01T00:00:00.000-0800,PUBLISH
Grails in Action,1933988932,520,2009-05-01T00:00:00.000-0700,PUBLISH
"Up to Speed with Swing, Second Edition",1884777759,560,1999-10-01T00:00:00.000-0700,PUBLISH
OSGi in Action,1933988916,576,2011-04-06T00:00:00.000-0700,PUBLISH
GWT in Action,1933988231,632,2007-06-01T00:00:00.000-0700,PUBLISH
The Quick Python Book,1884777740,444,1999-10-01T00:00:00.000-0700,PUBLISH
SharePoint 2010 Site Owner's Manual,1933988754,300,2012-02-13T00:00:00.000-0800,PUBLISH
Java Development with Ant,1930110588,672,2002-08-01T00:00:00.000-0700,PUBLISH
Lucene in Action,1932394281,456,2004-12-01T00:00:00.000-0800,PUBLISH
"Lucene in Action, Second Edition",1933988177,532,2010-07-09T00:00:00.000-0700,PUBLISH
PowerBuilder 6.0 Questions & Answers,1884777708,446,1998-07-01T00:00:00.000-0700,PUBLISH
The Awesome Power of PowerJ,1884777538,378,1998-05-01T00:00:00.000-0700,PUBLISH
The Awesome Power of Power++,1884777546,416,1998-06-01T00:00:00.000-0700,PUBLISH
Azure in Action,193518248X,425,2010-10-22T00:00:00.000-0700,PUBLISH
Distributed Agile in Action,1935182412,325,,MEAP
Metaprogramming in .NET,1617290262,0,2012-12-31T00:00:00.000-0800,PUBLISH
Portlets and Apache Portals,,500,2005-10-01T00:00:00.000-0700,PUBLISH
Code Generation in Action,1930110979,350,2003-07-01T00:00:00.000-0700,PUBLISH
Illustrated Guide to HTTP,138582262,400,1997-03-01T00:00:00.000-0800,PUBLISH
Agile ALM,1935182633,0,2011-08-20T00:00:00.000-0700,PUBLISH
"Java Network Programming, Second Edition",188477749X,860,1999-05-01T00:00:00.000-0700,PUBLISH
Struts in Action,1932394249,672,2002-10-01T00:00:00.000-0700,PUBLISH
Camel in Action,1935182366,375,2011-01-04T00:00:00.000-0800,PUBLISH
Taming Text,193398838X,350,2012-12-31T00:00:00.000-0800,PUBLISH
JBoss in Action,1933988029,496,2009-01-01T00:00:00.000-0800,PUBLISH
Gnuplot in Action,1933988398,400,2009-08-01T00:00:00.000-0700,PUBLISH
Extending and Embedding Perl,1930110820,384,2002-08-01T00:00:00.000-0700,PUBLISH
iOS 4 in Action,1617290017,504,2011-06-09T00:00:00.000-0700,PUBLISH
Elements of Programming with Perl,1884777805,368,1999-10-01T00:00:00.000-0700,PUBLISH
Learn Windows PowerShell in a Month of Lunches,1617290211,0,2011-04-15T00:00:00.000-0700,PUBLISH
R in Action,1935182390,375,2011-08-15T00:00:00.000-0700,PUBLISH
Android in Practice,9.78194E+12,0,,MEAP
SOA Security,1932394680,512,2007-12-01T00:00:00.000-0800,PUBLISH
Rails 3 in Action,1935182277,425,2011-09-20T00:00:00.000-0700,PUBLISH
Continuous Integration in .NET,1935182552,328,2011-03-14T00:00:00.000-0700,PUBLISH
Technology Paradise Lost,1932394133,260,2004-03-01T00:00:00.000-0800,PUBLISH
Kermit 95+,1930110057,0,2003-01-01T00:00:00.000-0800,PUBLISH
Laszlo in Action,1932394834,552,2008-01-01T00:00:00.000-0800,PUBLISH
Groovy in Action,1932394842,696,2007-01-01T00:00:00.000-0800,PUBLISH
"Groovy in Action, Second Edition",1935182447,700,,MEAP
Object Technology Centers of Excellence,132612313,200,1996-06-01T00:00:00.000-0700,PUBLISH
Test Driven,1932394850,544,2007-09-01T00:00:00.000-0700,PUBLISH
Effective Unit Testing,1935182579,350,2013-02-04T00:00:00.000-0800,PUBLISH
Making Java Groovy,1935182943,0,2013-09-19T00:00:00.000-0700,PUBLISH
The Awesome Power of Direct3D/DirectX,1884777473,840,2002-12-01T00:00:00.000-0800,PUBLISH
Practical Software Requirements,1884777597,448,1998-09-01T00:00:00.000-0700,PUBLISH
NHibernate in Action,1932394923,400,2009-02-01T00:00:00.000-0800,PUBLISH
Microsoft Reporting Services in Action,1932394222,656,2004-08-01T00:00:00.000-0700,PUBLISH
AspectJ in Action,1930110936,512,2003-07-01T00:00:00.000-0700,PUBLISH
"AspectJ in Action, Second Edition",1933988053,568,2009-09-01T00:00:00.000-0700,PUBLISH
Hadoop in Action,1935182196,325,2010-12-01T00:00:00.000-0800,PUBLISH
SQR in PeopleSoft and Other Applications,1884777775,600,2003-09-01T00:00:00.000-0700,PUBLISH
"SQR in PeopleSoft and Other Applications, Second Edition",1932394001,696,2003-09-01T00:00:00.000-0700,PUBLISH
F# in Action,1935182250,425,,MEAP
Tuscany SCA in Action,1933988894,472,2011-02-12T00:00:00.000-0800,PUBLISH
Client/Server Yellow Pages,1884777082,280,1995-01-01T00:00:00.000-0800,PUBLISH
Object Oriented Application Frameworks,1884777066,352,1995-04-01T00:00:00.000-0800,PUBLISH
Tapestry in Action,1932394117,580,2004-03-01T00:00:00.000-0800,PUBLISH
WebWork in Action,1932394532,400,2005-09-01T00:00:00.000-0700,PUBLISH
MacRuby in Action,1935182498,0,2012-04-11T00:00:00.000-0700,PUBLISH
Erlang and OTP in Action,1933988789,500,2010-11-16T00:00:00.000-0800,PUBLISH
SharePoint 2007 Developer's Guide to Business Data Catalog,1933988819,304,2009-09-09T00:00:00.000-0700,PUBLISH
Doing IT Right,133964256,350,1995-12-01T00:00:00.000-0800,PUBLISH
Adobe AIR in Action,1933988487,336,2008-07-01T00:00:00.000-0700,PUBLISH
Ant in Action,193239480X,600,2007-07-01T00:00:00.000-0700,PUBLISH
Restlet in Action,193518234X,450,2012-09-26T00:00:00.000-0700,PUBLISH
iText in Action,1932394796,688,2006-11-01T00:00:00.000-0800,PUBLISH
"iText in Action, Second Edition",1935182617,600,2010-11-22T00:00:00.000-0800,PUBLISH
Power-3D,138412146,550,1997-10-01T00:00:00.000-0700,PUBLISH
SNA and TCP/IP Enterprise Networking,131271687,540,1997-09-01T00:00:00.000-0700,PUBLISH
Subversion in Action,1932394478,356,2004-12-01T00:00:00.000-0800,PUBLISH
Minimal Perl,1932394508,504,2006-07-01T00:00:00.000-0700,PUBLISH
Distributed Programming with Java,1884777651,320,1999-09-01T00:00:00.000-0700,PUBLISH
Comprehensive Networking Glossary and Acronym Guide,013319955X,208,1995-01-01T00:00:00.000-0800,PUBLISH
JavaServer Faces in Action,1932394125,744,2004-11-01T00:00:00.000-0800,PUBLISH
LINQ in Action,1933988169,576,2008-01-01T00:00:00.000-0800,PUBLISH
Internet BBSs,132869985,400,1996-10-01T00:00:00.000-0700,PUBLISH
Algorithms of the Intelligent Web,1933988665,368,2009-05-29T00:00:00.000-0700,PUBLISH
JUnit in Action,1930110995,384,2003-10-01T00:00:00.000-0700,PUBLISH
Tika in Action,1935182854,0,2011-12-01T00:00:00.000-0800,PUBLISH
Ruby in Practice,1933988479,360,2009-03-01T00:00:00.000-0800,PUBLISH
Inside LotusScript,1884777481,420,1997-11-01T00:00:00.000-0800,PUBLISH
Maximum MIDI,1884777449,450,1997-08-01T00:00:00.000-0700,PUBLISH
Planning and Managing ATM Networks,132621894,320,1997-06-01T00:00:00.000-0700,PUBLISH
Client/Server Applications on ATM Networks,137353006,350,1997-01-01T00:00:00.000-0800,PUBLISH
JavaFX in Action,1933988991,373,2009-10-01T00:00:00.000-0700,PUBLISH
Entity Framework 4 in Action,1935182188,576,2011-05-01T00:00:00.000-0700,PUBLISH
ASP.NET 2.0 Web Parts in Action,193239477X,344,2006-09-01T00:00:00.000-0700,PUBLISH
Sass and Compass in Action,1617290149,300,2013-07-26T00:00:00.000-0700,PUBLISH
Core OWL 5.0,1884777503,500,1997-12-01T00:00:00.000-0800,PUBLISH
Advanced OWL 5.0,1884777465,570,1998-01-01T00:00:00.000-0800,PUBLISH
Server-Based Java Programming,1884777716,592,2000-06-01T00:00:00.000-0700,PUBLISH
SQL Server MVP Deep Dives,1935182048,848,2009-11-01T00:00:00.000-0700,PUBLISH
SQL Server MVP Deep Dives,9.78194E+12,848,2009-11-15T00:00:00.000-0800,PUBLISH
SQL Server MVP Deep Dives,9.78194E+12,848,2009-11-01T00:00:00.000-0700,PUBLISH
PostGIS in Action,1935182269,325,2011-04-11T00:00:00.000-0700,PUBLISH
Programming Mac OS X,1930110855,384,2003-01-01T00:00:00.000-0800,PUBLISH
The Art of Unit Testing,1933988274,320,2009-05-01T00:00:00.000-0700,PUBLISH
Mahout in Action,1935182684,375,2011-10-05T00:00:00.000-0700,PUBLISH
ASP.NET MVC in Action,1933988622,392,2009-09-01T00:00:00.000-0700,PUBLISH
ASP.NET MVC 2 in Action,193518279X,432,2010-06-01T00:00:00.000-0700,PUBLISH
ASP.NET MVC 4 in Action,1617290416,450,2012-05-25T00:00:00.000-0700,PUBLISH
EJB 3 in Action,1933988347,712,2007-04-01T00:00:00.000-0700,PUBLISH
"EJB 3 in Action, Second Edition",1935182994,0,2014-04-07T00:00:00.000-0700,PUBLISH
Explorer's Guide to the Semantic Web,1932394206,304,2004-06-01T00:00:00.000-0700,PUBLISH
Practical LotusScript,1884777767,512,1999-05-01T00:00:00.000-0700,PUBLISH
Domino Development with Java,1930110049,467,2000-08-01T00:00:00.000-0700,PUBLISH
Windows PowerShell in Action,1932394907,576,2007-02-01T00:00:00.000-0800,PUBLISH
"Windows PowerShell in Action, Second Edition",1935182137,700,2011-05-15T00:00:00.000-0700,PUBLISH
"Silverlight 4 in Action, Revised Edition",1935182374,425,2010-10-04T00:00:00.000-0700,PUBLISH
Silverlight 5 in Action,1617290319,925,2012-06-01T00:00:00.000-0700,PUBLISH
Hibernate Quickly,1932394419,456,2005-08-01T00:00:00.000-0700,PUBLISH
Generative Art,1935182625,0,2011-06-30T00:00:00.000-0700,PUBLISH
Windows Phone 7 in Action,1617290092,0,2012-08-21T00:00:00.000-0700,PUBLISH
Lift in Action,1935182803,450,2011-11-18T00:00:00.000-0800,PUBLISH
Web Development with Apache and Perl,1930110065,424,2002-04-01T00:00:00.000-0800,PUBLISH
Real-World Functional Programming,1933988924,560,2009-12-01T00:00:00.000-0800,PUBLISH
Machine Learning in Action,1617290181,0,2012-04-04T00:00:00.000-0700,PUBLISH
Dependency Injection,193398855X,352,2009-08-01T00:00:00.000-0700,PUBLISH
Understanding Enterprise SOA,1932394591,280,2005-11-01T00:00:00.000-0800,PUBLISH
Open-Source ESBs in Action,1933988215,528,2008-09-01T00:00:00.000-0700,PUBLISH
Activiti in Action,1617290122,0,2012-07-12T00:00:00.000-0700,PUBLISH
DSLs in Boo: Domain-Specific Languages in .NET,1933988606,352,2010-01-01T00:00:00.000-0800,PUBLISH
JUnit Recipes,1932394230,752,2004-07-01T00:00:00.000-0700,PUBLISH
wxPython in Action,1932394621,620,2006-03-01T00:00:00.000-0800,PUBLISH
Clojure in Action,1935182595,475,2011-11-15T00:00:00.000-0800,PUBLISH
Scala in Action,1935182757,0,2013-04-09T00:00:00.000-0700,PUBLISH
Working with Objects,134529308,420,1995-08-01T00:00:00.000-0700,PUBLISH
PHP in Action,1932394753,552,2007-07-01T00:00:00.000-0700,PUBLISH
Secrets of the JavaScript Ninja,193398869X,300,2012-12-27T00:00:00.000-0800,PUBLISH
Microsoft Office Essentials,132623129,480,1996-07-01T00:00:00.000-0700,PUBLISH
Swing,1884777848,0,1999-12-01T00:00:00.000-0800,PUBLISH
Swing Second Edition,193011088X,912,2003-02-01T00:00:00.000-0800,PUBLISH
The Awesome Power of Java Beans,1884777562,500,1998-05-01T00:00:00.000-0700,PUBLISH
Personal Videoconferencing,013268327X,420,1996-06-01T00:00:00.000-0700,PUBLISH
The Cloud at Your Service,1935182528,200,2010-11-22T00:00:00.000-0800,PUBLISH
Implementing Elliptic Curve Cryptography,1884777694,330,1998-11-01T00:00:00.000-0800,PUBLISH
SOA Patterns,1933988266,250,2012-09-12T00:00:00.000-0700,PUBLISH
Hello World!,1933988495,432,2009-03-01T00:00:00.000-0800,PUBLISH
SCBCD Exam Study Kit,1932394400,488,2005-06-01T00:00:00.000-0700,PUBLISH
Portlets in Action,1935182544,475,2011-09-16T00:00:00.000-0700,PUBLISH
SWT/JFace in Action,1932394273,496,2004-11-01T00:00:00.000-0800,PUBLISH
OpenCL in Action,1617290173,0,2011-11-14T00:00:00.000-0800,PUBLISH
Multiprotocol over ATM,138892709,341,1998-03-01T00:00:00.000-0800,PUBLISH
Dependency Injection in .NET,1935182501,375,2011-10-03T00:00:00.000-0700,PUBLISH
Java 3D Programming,1930110359,400,2002-03-01T00:00:00.000-0800,PUBLISH
Liferay in Action,193518282X,375,2011-09-20T00:00:00.000-0700,PUBLISH
JSP Tag Libraries,193011009X,656,2001-05-01T00:00:00.000-0700,PUBLISH
Instant Messaging in Java,1930110464,402,2002-03-01T00:00:00.000-0800,PUBLISH
Java Applets and Channels Without Programming,1884777392,372,1999-12-01T00:00:00.000-0800,PUBLISH
PowerShell in Practice,1935182005,500,2010-06-08T00:00:00.000-0700,PUBLISH
PowerShell and WMI,1617290114,0,2012-04-30T00:00:00.000-0700,PUBLISH
Making Sense of Java,132632942,180,1996-06-01T00:00:00.000-0700,PUBLISH
C++/CLI in Action,1932394818,416,2007-04-01T00:00:00.000-0700,PUBLISH
C# in Depth,1933988363,424,2008-04-01T00:00:00.000-0700,PUBLISH
"C# in Depth, Second Edition",1935182471,584,,PUBLISH
Magical A-Life Avatars,1884777589,450,2000-12-01T00:00:00.000-0800,PUBLISH
Becoming Agile,1933988258,408,2009-05-01T00:00:00.000-0700,PUBLISH
ActiveMQ in Action,1933988940,408,2011-03-31T00:00:00.000-0700,PUBLISH
Implementing PeopleSoft Financials,138411808,220,1997-01-01T00:00:00.000-0800,PUBLISH
SQL Server DMVs in Action,1935182730,352,2011-05-09T00:00:00.000-0700,PUBLISH
Scala in Depth,1935182706,0,2012-05-14T00:00:00.000-0700,PUBLISH
JMX in Action,1930110561,424,2002-09-01T00:00:00.000-0700,PUBLISH
EJB Cookbook,1930110944,352,2003-05-01T00:00:00.000-0700,PUBLISH
"GWT in Action, Second Edition",1935182846,0,2013-01-21T00:00:00.000-0800,PUBLISH
"JUnit in Action, Second Edition",1935182021,504,2010-07-01T00:00:00.000-0700,PUBLISH
Bitter Java,193011043X,368,2002-03-01T00:00:00.000-0800,PUBLISH
Bitter EJB,1930110952,440,2003-05-01T00:00:00.000-0700,PUBLISH
Spring Batch in Action,1935182951,0,2011-10-01T00:00:00.000-0700,PUBLISH
JDK 1.4 Tutorial,1930110456,408,2002-03-01T00:00:00.000-0800,PUBLISH
iPhone and iPad in Action,1935182587,450,2010-08-01T00:00:00.000-0700,PUBLISH
SQL Server 2005 Reporting Services in Action,1932394761,600,2006-11-01T00:00:00.000-0800,PUBLISH
Ten Years of UserFriendly.Org,1935182129,1096,2008-12-01T00:00:00.000-0800,PUBLISH
Graphics Programming with Perl,1930110022,328,2002-05-01T00:00:00.000-0700,PUBLISH
RabbitMQ in Action,1935182978,0,2012-04-20T00:00:00.000-0700,PUBLISH
XDoclet in Action,1932394052,624,2003-11-01T00:00:00.000-0800,PUBLISH
Spring in Action,1932394354,472,2005-02-01T00:00:00.000-0800,PUBLISH
"Spring in Action, Second Edition",1933988134,768,2007-08-01T00:00:00.000-0700,PUBLISH
"Spring in Action, Third Edition",1935182358,424,2011-06-21T00:00:00.000-0700,PUBLISH
Spring in Practice,1935182056,600,2013-05-09T00:00:00.000-0700,PUBLISH
Java 2 Micro Edition,1930110332,504,2002-03-01T00:00:00.000-0800,PUBLISH
SharePoint 2010 Workflows in Action,1935182714,360,2011-02-07T00:00:00.000-0800,PUBLISH
SharePoint 2010 Web Parts in Action,1935182773,448,2011-04-24T00:00:00.000-0700,PUBLISH
C++ Concurrency in Action,1933988770,325,2012-02-24T00:00:00.000-0800,PUBLISH
Java Servlets by Example,188477766X,550,2002-12-01T00:00:00.000-0800,PUBLISH
XML Programming with VB and ASP,1884777872,320,1999-12-01T00:00:00.000-0800,PUBLISH
Oracle8i Database Administration,1884777783,543,1999-11-01T00:00:00.000-0800,PUBLISH
The Engaging Web,9.78194E+12,325,,MEAP
Enterprise OSGi In Action,1617290130,0,,PUBLISH
"Ext JS in Action, Second Edition",1617290327,0,2014-02-04T00:00:00.000-0800,PUBLISH
"Android in Action, Third Edition",1617290505,0,2011-11-15T00:00:00.000-0800,PUBLISH
Arduino in Action,1617290246,300,2013-05-30T00:00:00.000-0700,PUBLISH
Node.js in Action,1617290572,300,2013-10-15T00:00:00.000-0700,PUBLISH
Third-Party JavaScript ,1617290548,0,2013-03-11T00:00:00.000-0700,PUBLISH
Multimedia Computing,020152029X,0,1993-09-01T00:00:00.000-0700,PUBLISH
Web Development with JavaServer Pages,1884777996,0,2000-05-15T00:00:00.000-0700,PUBLISH
Up to Speed with Swing,1884777643,0,1998-05-01T00:00:00.000-0700,PUBLISH
Manager's Guide to Open Source,193239429X,0,2004-10-01T00:00:00.000-0700,PUBLISH
Programming Web Services with Java,1930110421,0,2002-10-01T00:00:00.000-0700,PUBLISH
TCP/IP Programming for OS/2,132612496,0,1996-04-23T00:00:00.000-0700,PUBLISH
"Implementing SAP R/3, Second Edition",013889213X,0,1997-09-01T00:00:00.000-0700,PUBLISH
Implementing SAP R/3,1884777228,0,1996-06-01T00:00:00.000-0700,PUBLISH
Using C-Kermit: Communication Software,1884777147,0,,PUBLISH
SCWCD Exam Study Kit,1930110596,0,2002-07-01T00:00:00.000-0700,PUBLISH
Unit Testing in C++,1617290386,0,,PUBLISH
Big Data,1617290343,0,,MEAP
CoffeeScript in Action,1617290629,0,2014-05-09T00:00:00.000-0700,PUBLISH
"SQL Server MVP Deep Dives, Volume 2",1617290475,750,2011-10-13T00:00:00.000-0700,PUBLISH
HTML5 in Action,1617290491,375,2014-02-10T00:00:00.000-0800,PUBLISH
"Java Persistence with Hibernate, Second Edition",1617290459,0,,MEAP
Hadoop in Practice,1617290238,0,2012-10-02T00:00:00.000-0700,PUBLISH
HBase in Action,1617290521,0,2012-11-02T00:00:00.000-0700,PUBLISH
Flex Mobile in Action,1617290610,0,2012-05-30T00:00:00.000-0700,PUBLISH
HTML5 for .NET Developers,1617290432,0,2012-11-30T00:00:00.000-0800,PUBLISH
50 Android Hacks,1617290564,0,2013-06-03T00:00:00.000-0700,PUBLISH
PowerShell in Depth,1617290556,0,2013-02-20T00:00:00.000-0800,PUBLISH
Augmented Reality Revealed,1617290165,0,,MEAP
Building Well-Structured JavaScript Applications,1617290599,0,,MEAP
Linked Data,1617290394,0,2013-12-31T00:00:00.000-0800,PUBLISH
"Mule in Action, Second Edition",1617290823,0,2014-02-20T00:00:00.000-0800,PUBLISH
Single Page Web Applications,1617290750,0,2013-09-19T00:00:00.000-0700,PUBLISH
"The Art of Unit Testing, Second Edition",1617290890,0,2013-11-25T00:00:00.000-0800,PUBLISH
Play for Java,1617290904,0,2014-03-14T00:00:00.000-0700,PUBLISH
Hello World! Second Edition,1617290920,0,2013-12-12T00:00:00.000-0800,PUBLISH
Dart in Action,1617290866,0,2012-12-31T00:00:00.000-0800,PUBLISH
Redis in Action,1617290858,0,2013-06-18T00:00:00.000-0700,PUBLISH
Using the TI-83 Plus/TI-84 Plus,161729084X,0,2013-08-19T00:00:00.000-0700,PUBLISH
Neo4j in Action,1617290769,0,,MEAP
Programming the TI-83 Plus/TI-84 Plus,1617290777,0,2012-09-14T00:00:00.000-0700,PUBLISH
Functional Programming in Scala,1617290653,0,,MEAP
Play for Scala,1617290793,0,2013-10-03T00:00:00.000-0700,PUBLISH
Node.js in Practice,1617290939,0,,MEAP
SonarQube in Action,1617290955,0,2013-10-30T00:00:00.000-0700,PUBLISH
Windows Store App Development: C# and XAML,1617290947,0,2013-06-03T00:00:00.000-0700,PUBLISH
Learn Windows IIS in a Month of Lunches,1617290971,0,2013-12-31T00:00:00.000-0800,PUBLISH
Mondrian in Action,161729098X,0,,PUBLISH
RabbitMQ in Depth,1617291005,0,,MEAP
Akka in Action,1617291013,0,,MEAP
Extending jQuery,161729103X,0,2013-08-12T00:00:00.000-0700,PUBLISH
OCA Java SE 7 Programmer I Certification Guide,1617291048,0,2013-04-02T00:00:00.000-0700,PUBLISH
Kanban in Action,1617291056,0,2014-03-04T00:00:00.000-0800,PUBLISH
Solr in Action,1617291021,0,2014-03-25T00:00:00.000-0700,PUBLISH
Making Sense of NoSQL,1617291072,0,2013-09-03T00:00:00.000-0700,PUBLISH
Jaguar Development with PowerBuilder 7,1884777864,0,1999-08-09T00:00:00.000-0700,PUBLISH
"Grails in Action, Second Edition",1617290963,0,,MEAP
Rails 4 in Action,1617291099,0,,MEAP
"Learn Windows PowerShell in a Month of Lunches, Second Edition",1617291080,0,2012-11-12T00:00:00.000-0800,PUBLISH
AOP in .NET,1617291145,0,2013-06-21T00:00:00.000-0700,PUBLISH
Learn PowerShell Toolmaking in a Month of Lunches,1617291161,0,2012-12-12T00:00:00.000-0800,PUBLISH
CMIS and Apache Chemistry in Action,1617291153,0,,PUBLISH
Action Guide (aka VB .NET),1930110324,0,,PUBLISH
Learn Active Directory Management in a Month of Lunches,1617291196,0,,PUBLISH
"Spring in Action, Fourth Edition",161729120X,0,,MEAP
The Mikado Method,1617291218,0,2014-03-05T00:00:00.000-0800,PUBLISH
The Responsive Web,1617291242,0,,MEAP
Fast ASP.NET Websites,1617291250,0,2013-08-29T00:00:00.000-0700,PUBLISH
SBT in Action,1617291277,0,,MEAP
PowerShell Deep Dives,1617291315,0,,PUBLISH
Gradle in Action,1617291307,0,2014-02-18T00:00:00.000-0800,PUBLISH
Scalatra in Action,1617291293,0,,MEAP
AngularJS in Action,1617291331,0,,MEAP
Software Development Metrics,1617291358,0,,MEAP
F# Deep Dives,1617291323,0,,MEAP
"C# in Depth, Third Edition",161729134X,0,2013-09-19T00:00:00.000-0700,PUBLISH
"PostGIS in Action, Second Edition",1617291390,0,,MEAP
"R in Action, Second Edition",1617291382,0,,MEAP
"The Joy of Clojure, Second Edition",1617291412,0,2014-05-29T00:00:00.000-0700,PUBLISH
iOS 7 in Action,1617291420,0,2014-04-03T00:00:00.000-0700,PUBLISH
Hello App Inventor!,1617291439,0,,MEAP
Ember.js in Action,1617291455,0,2014-06-10T00:00:00.000-0700,PUBLISH
Netty in Action,1617291471,0,,MEAP
RavenDB in Action,1617291501,0,,MEAP
OCP Java SE 7 Programmer II Certification Guide,161729148X,0,,MEAP
Backbone.js in Action,1617291536,0,,MEAP
"Clojure in Action, Second Edition",1617291528,0,,MEAP
Practical Data Science with R,1617291560,0,2014-04-02T00:00:00.000-0700,PUBLISH
Secrets of the JavaScript Ninja pBook upgrade,,0,,PUBLISH
ArcGIS Web Development,1617291617,0,,MEAP
Elasticsearch in Action,1617291625,0,,MEAP
Learn SCCM 2012 in a Month of Lunches,1617291684,0,,MEAP
Programming for Musicians and Digital Artists,1617291706,0,,MEAP
BDD in Action,161729165X,0,,MEAP
Windows Phone 8 in Action,1617291374,0,2013-12-31T00:00:00.000-0800,PUBLISH
Titanium Alloy in Action,1617291749,0,,MEAP
Giraph in Action,1617291757,0,,MEAP
"The Well-Grounded Rubyist, Second Edition",1617291692,0,2014-06-24T00:00:00.000-0700,PUBLISH
Go in Action,1617291781,0,,MEAP
The Programmer's Guide to Apache Thrift ,1617291811,0,,MEAP
Grokking Functional Programming,1617291838,0,,MEAP
CORS in Action,161729182X,0,,MEAP
Reactive Design Patterns,1617291803,0,,MEAP
Storm Applied,1617291897,0,,MEAP
Real-World Machine Learning,1617291927,0,,MEAP
jQuery UI in Action,1617291935,0,,MEAP
Web Components in Action,1617291943,0,,MEAP
JavaScript Application Design,1617291951,0,,MEAP
Git in Practice,1617291978,0,,MEAP
Impala in Action,1617291986,0,,MEAP
Java 8 in Action,1617291994,0,,MEAP
Elixir in Action,161729201X,0,,MEAP
"MongoDB in Action, Second Edition",1617291609,0,,MEAP
"Getting MEAN with Mongo, Express, Angular, and Node",1617292036,0,,MEAP
"jQuery in Action, Third Edition",1617292079,0,,MEAP
D3.js in Action,1617292117,0,,MEAP
Learn SQL Server Administration in a Month of Lunches,1617292133,0,2014-05-02T00:00:00.000-0700,PUBLISH
Geoprocessing with Python,1617292141,0,,MEAP
Barcodes with iOS,161729215X,0,,MEAP
Chef in Action,1617292214,0,,MEAP
"Hadoop in Practice, Second Edition",1617292222,0,,MEAP
Oculus Rift in Action,1617292192,0,,MEAP
OpenStack in Action,1617292168,0,,MEAP
"PowerShell in Depth, Second Edition",1617292184,0,,MEAP
Practical Probabilistic Programming,1617292338,0,,MEAP
Unity in Action,161729232X,0,,MEAP
Express.js in Action,1617292427,0,,MEAP
Learn Git in a Month of Lunches,1617292419,0,,MEAP
Understanding SPAs,1617292435,0,,MEAP
XSLT Quickly,1930110111,320,2001-05-01T00:00:00.000-0700,PUBLISH
Windows Forms Programming with C#,1930110286,752,2002-03-01T00:00:00.000-0800,PUBLISH
Windows Forms in Action,1932394656,950,2006-04-01T00:00:00.000-0800,PUBLISH
Event Processing in Action,1935182218,384,2010-08-15T00:00:00.000-0700,PUBLISH
The Well-Grounded Java Developer,1617290068,0,2012-07-10T00:00:00.000-0700,PUBLISH
Objective-C Fundamentals,1935182536,355,2011-09-13T00:00:00.000-0700,PUBLISH
ADO.NET Programming,1930110294,592,2002-07-01T00:00:00.000-0700,PUBLISH
WPF in Action with Visual Studio 2008,1933988223,520,2008-11-01T00:00:00.000-0700,PUBLISH
Location-Aware Applications,1935182331,320,2011-07-28T00:00:00.000-0700,PUBLISH
"Web Development with JavaServer Pages, Second Edition",193011012X,800,2001-11-01T00:00:00.000-0800,PUBLISH
IntelliJ IDEA in Action,1932394443,450,2006-03-01T00:00:00.000-0800,PUBLISH
Spring Integration in Action,1935182439,400,2012-09-19T00:00:00.000-0700,PUBLISH
The Joy of Clojure,1935182641,360,2011-03-25T00:00:00.000-0700,PUBLISH
Dynamic WAP Application Development,1930110081,888,2002-08-01T00:00:00.000-0700,PUBLISH
IronPython in Action,1933988339,496,2009-03-01T00:00:00.000-0800,PUBLISH
Art of Java Web Development,1932394060,624,2003-11-01T00:00:00.000-0800,PUBLISH
Java Reflection in Action,1932394184,300,2004-10-01T00:00:00.000-0700,PUBLISH
Programming Windows Server 2003,1930110987,328,2003-08-01T00:00:00.000-0700,PUBLISH
Struts Recipes,1932394249,520,2004-11-01T00:00:00.000-0800,PUBLISH
Hello! iOS Development,1935182986,0,2013-07-28T00:00:00.000-0700,PUBLISH
Jess in Action,1930110898,480,2003-06-01T00:00:00.000-0700,PUBLISH
Remote LAN Access,134944518,300,1996-06-01T00:00:00.000-0700,PUBLISH
J2EE and XML Development,1930110308,304,2002-03-01T00:00:00.000-0800,PUBLISH
Eclipse in Action,1930110960,416,2003-05-01T00:00:00.000-0700,PUBLISH
ASP.NET AJAX in Action,1933988142,570,2007-09-01T00:00:00.000-0700,PUBLISH
Ext JS in Action,1935182110,425,2010-12-05T00:00:00.000-0800,PUBLISH
Sencha Touch in Action,1617290378,375,2013-07-12T00:00:00.000-0700,PUBLISH
DSLs in Action,1935182455,376,2010-12-01T00:00:00.000-0800,PUBLISH
Database Programming for Handheld Devices,1884777856,0,2000-07-01T00:00:00.000-0700,PUBLISH
Jakarta Commons Online Bookshelf,1932394524,402,2005-03-01T00:00:00.000-0800,PUBLISH
Browsing with HttpClient,1932394524a-e,0,2005-03-01T00:00:00.000-0800,PUBLISH
Codec: Encoders and Decoders,1932394524j-e,0,2005-03-01T00:00:00.000-0800,PUBLISH
